FrameID,Hip.Center.x,Hip.Center.y,Hip.Center.z,Hip.R.x,Hip.R.y,Hip.R.z,Knee.R.x,Knee.R.y,Knee.R.z,Ankle.R.x,Ankle.R.y,Ankle.R.z,Toe0Nub.R.x,Toe0Nub.R.y,Toe0Nub.R.z,Hip.L.x,Hip.L.y,Hip.L.z,Knee.L.x,Knee.L.y,Knee.L.z,Ankle.L.x,Ankle.L.y,Ankle.L.z,Toe0Nub.L.x,Toe0Nub.L.y,Toe0Nub.L.z,Spine.x,Spine.y,Spine.z,Spine1.x,Spine1.y,Spine1.z,Spine2.x,Spine2.y,Spine2.z,Neck.x,Neck.y,Neck.z,Head.x,Head.y,Head.z,HeadNub.x,HeadNub.y,HeadNub.z,Shoulder.L.x,Shoulder.L.y,Shoulder.L.z,Elbow.L.x,Elbow.L.y,Elbow.L.z,Wrist.L.x,Wrist.L.y,Wrist.L.z,Shoulder.R.x,Shoulder.R.y,Shoulder.R.z,Elbow.R.x,Elbow.R.y,Elbow.R.z,Wrist.R.x,Wrist.R.y,Wrist.R.z
0,0.1495301,-7.094742,0.03761223,0.2137288,-7.162636,0.03493273,0.4785162,-6.953953,0.3886371,0.4403827,-6.937613,0.8936344,0.6588275,-6.799908,1.005941,0.08533154,-7.026847,0.04029185,0.1309893,-6.871801,0.501425,-0.1559821,-7.286457,0.4519165,-0.2815205,-7.36658,0.6906972,0.1717906,-7.069288,-0.0740898,0.2015818,-7.042462,-0.2399995,0.2276924,-7.027127,-0.4079707,0.2366603,-7.029362,-0.5843361,0.2747359,-6.993734,-0.6401215,0.2886978,-6.975561,-0.8704044,0.3393343,-7.187499,-0.5102808,0.3152508,-7.37242,-0.2004915,0.3871309,-7.340919,0.08175289,0.07365813,-6.920053,-0.5337866,-0.09697839,-6.902023,-0.2155048,-0.00516178,-6.640774,-0.1199029
1,0.1495301,-7.094742,0.03761223,0.2137288,-7.162636,0.03493273,0.4785162,-6.953953,0.3886371,0.4403827,-6.937613,0.8936344,0.6588275,-6.799908,1.005941,0.08533154,-7.026847,0.04029185,0.1309893,-6.871801,0.501425,-0.1559821,-7.286457,0.4519165,-0.2815205,-7.36658,0.6906972,0.1717906,-7.069288,-0.0740898,0.2015818,-7.042462,-0.2399995,0.2276924,-7.027127,-0.4079707,0.2366603,-7.029362,-0.5843361,0.2747359,-6.993734,-0.6401215,0.2886978,-6.975561,-0.8704044,0.3393343,-7.187499,-0.5102808,0.3152508,-7.37242,-0.2004915,0.3871309,-7.340919,0.08175289,0.07365813,-6.920053,-0.5337866,-0.09697839,-6.902023,-0.2155048,-0.00516178,-6.640774,-0.1199029
2,0.3014402,-6.950643,0.05239325,0.3637829,-7.020247,0.04977664,0.6185151,-6.845393,0.4283335,0.4416187,-6.939452,0.8937411,0.6593332,-6.800531,1.005597,0.2390976,-6.881037,0.05500999,0.4146525,-6.606803,0.4193502,0.1205917,-7.01437,0.4838511,0.02241448,-7.0564,0.7442175,0.3230264,-6.927106,-0.05985934,0.3498669,-6.902302,-0.2265925,0.3818495,-6.883568,-0.3931981,0.399538,-6.884474,-0.5689152,0.4346696,-6.843686,-0.6230748,0.4528468,-6.821264,-0.8526884,0.5199378,-7.026203,-0.4889069,0.5337692,-7.180427,-0.1621516,0.6085295,-7.117029,0.1139146,0.2183936,-6.80061,-0.5330138,0.02768625,-6.801378,-0.2258078,0.1108488,-6.52472,-0.177169
3,0.4583882,-6.792819,0.04390415,0.5190718,-6.863895,0.04189585,0.7092035,-6.763472,0.4806814,0.4497971,-6.929926,0.8828563,0.6643601,-6.797568,1.004472,0.3977048,-6.721744,0.0459125,0.6305072,-6.380252,0.3065936,0.359123,-6.752315,0.5179304,0.3075613,-6.738595,0.7942437,0.4830777,-6.768616,-0.06755982,0.5076416,-6.742549,-0.2344512,0.5366703,-6.720727,-0.4012216,0.5530733,-6.719675,-0.5770626,0.5835766,-6.67554,-0.6314029,0.6076465,-6.651305,-0.8602887,0.6871612,-6.849012,-0.498146,0.7173249,-6.995637,-0.1690008,0.797654,-6.878142,0.087052,0.3641471,-6.653391,-0.5449067,0.1381691,-6.662186,-0.2627687,0.216185,-6.382376,-0.3007262
4,0.6172335,-6.630347,0.02791755,0.6763692,-6.702734,0.02673675,0.7480808,-6.710328,0.5100251,0.4603868,-6.922554,0.8691013,0.6648432,-6.797853,1.005769,0.5580978,-6.55796,0.02909847,0.8060057,-6.187555,0.229373,0.5860406,-6.487375,0.573563,0.5891005,-6.410137,0.8441565,0.6471238,-6.60417,-0.08180847,0.669892,-6.575108,-0.2484566,0.691575,-6.551436,-0.4160896,0.701582,-6.549246,-0.5924,0.7268862,-6.503053,-0.6476905,0.7568289,-6.478549,-0.8758537,0.84701,-6.668775,-0.5185639,0.8861669,-6.821265,-0.1930508,0.9670012,-6.650256,0.03065105,0.5096826,-6.494165,-0.5576943,0.2460974,-6.497342,-0.3101904,0.3398272,-6.247117,-0.4302869
5,0.7755717,-6.467049,0.008889804,0.8333145,-6.540561,0.008631323,0.8011635,-6.639512,0.486065,0.5028045,-6.886447,0.8127881,0.6669416,-6.795269,1.00802,0.7178289,-6.393537,0.009148404,0.9601883,-6.02179,0.213681,0.8022581,-6.235618,0.6450495,0.8546667,-6.101008,0.8865647,0.8110699,-6.438823,-0.09863025,0.8321858,-6.406313,-0.2648548,0.8460025,-6.381191,-0.4331085,0.8488721,-6.378075,-0.6096651,0.8692011,-6.330367,-0.6657168,0.9030119,-6.306041,-0.8933582,1.003644,-6.489081,-0.5420826,1.05132,-6.650188,-0.2218995,1.124593,-6.433204,-0.03922478,0.6554511,-6.332102,-0.5714912,0.3465908,-6.32021,-0.3838496,0.4572917,-6.107422,-0.5520375
6,0.9309978,-6.306748,-0.008722392,0.9875785,-6.381155,-0.008009258,0.8878829,-6.540483,0.4430375,0.5868136,-6.811906,0.7470614,0.6587632,-6.800218,1.005638,0.8744172,-6.232341,-0.009435526,1.100749,-5.875746,0.2362915,1.015237,-6.001532,0.7196228,1.107358,-5.822268,0.916027,0.9708715,-6.277481,-0.1144107,0.990095,-6.242371,-0.2803333,0.9977197,-6.215816,-0.4487615,0.9952934,-6.211761,-0.6253058,1.011136,-6.162689,-0.6816273,1.048817,-6.139384,-0.9087672,1.158039,-6.313807,-0.5628116,1.213241,-6.488959,-0.2513312,1.266147,-6.242314,-0.102374,0.7999352,-6.176994,-0.5866534,0.4597951,-6.16118,-0.4649986,0.5889391,-5.985727,-0.6608527
7,1.081416,-6.151023,-0.02624691,1.136959,-6.226182,-0.02413676,1.006426,-6.413337,0.4079534,0.6955829,-6.700507,0.6866173,0.6628928,-6.762769,0.9629734,1.025873,-6.075864,-0.02835694,1.232094,-5.749338,0.2710121,1.218765,-5.807883,0.7741405,1.344454,-5.598036,0.9132893,1.12429,-6.122322,-0.1309092,1.141442,-6.085706,-0.2967328,1.144144,-6.058171,-0.4651544,1.137767,-6.053581,-0.6415869,1.149599,-6.003472,-0.6979803,1.189214,-5.983443,-0.9251036,1.307164,-6.146541,-0.5829754,1.372723,-6.341884,-0.2858414,1.396231,-6.083439,-0.1499192,0.9402998,-6.033264,-0.6061096,0.5892314,-6.014604,-0.5215636,0.7264723,-5.864141,-0.7321506
8,1.228083,-5.998361,-0.043896,1.283163,-6.073809,-0.04043127,1.138064,-6.275771,0.3801933,0.8177809,-6.574116,0.6354439,0.7248942,-6.666424,0.8868117,1.173002,-5.922913,-0.04736036,1.360994,-5.636178,0.3007926,1.414574,-5.644917,0.8045746,1.558855,-5.419868,0.8925045,1.272249,-5.970962,-0.14837,1.287504,-5.934072,-0.3143175,1.286215,-5.906197,-0.4826997,1.276224,-5.901455,-0.6589606,1.2855,-5.850923,-0.7154548,1.324278,-5.83786,-0.9432293,1.449186,-5.989762,-0.603894,1.527243,-6.209918,-0.3278795,1.520724,-5.952594,-0.1880106,1.078152,-5.890518,-0.6269073,0.7238914,-5.858637,-0.5618844,0.8658084,-5.735959,-0.7868963
9,1.373621,-5.847954,-0.0555398,1.429791,-5.922594,-0.05204837,1.308709,-6.116483,0.379824,0.9674302,-6.430359,0.5841618,0.8536565,-6.527559,0.8224972,1.317451,-5.773314,-0.05903086,1.484637,-5.562157,0.3486812,1.603989,-5.491787,0.8360687,1.756449,-5.259613,0.8813149,1.41554,-5.821391,-0.1611493,1.428571,-5.785956,-0.3276021,1.423148,-5.758854,-0.4960282,1.408122,-5.754659,-0.6719456,1.417002,-5.704633,-0.7289522,1.448735,-5.696897,-0.9580559,1.580209,-5.847204,-0.6214557,1.678411,-6.061814,-0.3475133,1.650688,-5.798158,-0.2228623,1.2111,-5.738927,-0.6387643,0.8633772,-5.673017,-0.5646697,1.003078,-5.588511,-0.8079043
10,1.517517,-5.703115,-0.04984568,1.577159,-5.775092,-0.04916104,1.565059,-5.883794,0.42708,1.192932,-6.204943,0.5500737,1.093108,-6.308473,0.7919683,1.457876,-5.631137,-0.0505302,1.611993,-5.444385,0.3738986,1.695013,-5.419258,0.8731174,1.836271,-5.197494,0.9576228,1.551133,-5.676318,-0.1583296,1.567006,-5.647158,-0.3257481,1.560097,-5.624277,-0.494745,1.539154,-5.622272,-0.6700951,1.554883,-5.576394,-0.729077,1.57184,-5.571663,-0.9598273,1.692788,-5.744013,-0.6222145,1.812822,-5.872881,-0.3064137,1.780258,-5.584554,-0.2660698,1.358275,-5.549572,-0.6200917,1.157433,-5.304666,-0.4456531,1.236253,-5.314828,-0.7276198
11,1.660238,-5.559005,-0.04171194,1.7239,-5.627396,-0.04456472,1.820095,-5.621159,0.4344714,1.44242,-5.948522,0.5177715,1.375719,-6.049559,0.7718159,1.596576,-5.490614,-0.03885893,1.739784,-5.311459,0.3926063,1.719805,-5.412363,0.8887543,1.843608,-5.18923,1.003651,1.683888,-5.532353,-0.1528349,1.704057,-5.512899,-0.3211979,1.7029,-5.495646,-0.4909982,1.682826,-5.49522,-0.6664607,1.709565,-5.457157,-0.7270195,1.711543,-5.454949,-0.9584209,1.800386,-5.650153,-0.6127075,1.93718,-5.652417,-0.278002,1.900779,-5.370179,-0.3475568,1.547357,-5.360353,-0.6064311,1.579558,-5.083917,-0.3755818,1.694795,-4.991785,-0.6286691
12,1.804109,-5.403691,-0.06069534,1.870465,-5.469401,-0.0648717,2.064351,-5.346684,0.3665406,1.704405,-5.681731,0.4887119,1.688287,-5.758729,0.7589108,1.737754,-5.337981,-0.05651875,1.808171,-5.229873,0.4147796,1.728346,-5.410565,0.8813863,1.848693,-5.191252,1.003856,1.822323,-5.378133,-0.1730924,1.838266,-5.364942,-0.3425308,1.862257,-5.35469,-0.5112037,1.866293,-5.356881,-0.6877515,1.907804,-5.326924,-0.7444131,1.907446,-5.324265,-0.975818,1.942672,-5.529616,-0.6167063,2.089161,-5.47324,-0.2909638,2.074534,-5.209708,-0.4180774,1.758201,-5.195397,-0.6402087,1.931173,-4.915373,-0.4905013,2.160118,-4.740931,-0.545045
13,1.944096,-5.262148,-0.08199116,2.011801,-5.326429,-0.08672136,2.279912,-5.112378,0.2612239,1.966044,-5.406917,0.5285751,2.016166,-5.430619,0.8044774,1.876391,-5.197868,-0.07726084,1.897663,-5.12191,0.404969,1.752668,-5.363818,0.8259212,1.845156,-5.186278,1.004113,1.959216,-5.23787,-0.1951303,1.974361,-5.227427,-0.3648402,2.006691,-5.219752,-0.5322568,2.021577,-5.22229,-0.7082174,2.06769,-5.194084,-0.762153,2.067578,-5.189668,-0.9935312,2.085932,-5.39811,-0.6328738,2.217413,-5.350322,-0.2994459,2.227557,-5.098188,-0.4482632,1.914192,-5.058955,-0.6632603,2.143171,-4.86305,-0.4634222,2.38269,-4.725673,-0.365548
14,2.083023,-5.12357,-0.1024965,2.151414,-5.187049,-0.1081059,2.446252,-4.939164,0.1925447,2.228835,-5.134849,0.6062846,2.341963,-5.10112,0.8617457,2.014632,-5.060091,-0.09688689,2.003506,-5.013788,0.3894258,1.802566,-5.318436,0.7409323,1.851224,-5.208279,0.9838337,2.095432,-5.100128,-0.2161431,2.109762,-5.090544,-0.3859785,2.147212,-5.082832,-0.5523264,2.170843,-5.083277,-0.7273451,2.219761,-5.05471,-0.7785519,2.220751,-5.046464,-1.009823,2.229692,-5.260747,-0.6512476,2.33758,-5.233622,-0.3071987,2.372662,-4.991608,-0.4685047,2.056245,-4.923518,-0.6839984,2.228331,-4.79213,-0.3943969,2.45191,-4.714088,-0.2219362
15,2.224276,-4.985322,-0.1107242,2.293221,-5.048124,-0.1171134,2.575409,-4.80815,0.2015558,2.480045,-4.881065,0.6938288,2.63682,-4.801269,0.9134883,2.155331,-4.92252,-0.1043349,2.130601,-4.880481,0.3818637,1.890123,-5.21867,0.6726235,1.863156,-5.229081,0.9474697,2.234855,-4.962091,-0.2245996,2.247751,-4.954213,-0.3946408,2.287435,-4.947349,-0.5605105,2.316843,-4.946654,-0.7346507,2.367604,-4.918025,-0.783995,2.368992,-4.907394,-1.015167,2.371393,-5.125387,-0.6581588,2.4536,-5.128728,-0.3060562,2.519415,-4.887836,-0.4592208,2.195624,-4.790616,-0.6928819,2.274704,-4.708323,-0.3497787,2.463099,-4.67235,-0.1283415
16,2.372086,-4.844127,-0.09599846,2.441472,-4.906377,-0.1029878,2.73102,-4.669924,0.2116865,2.720654,-4.662938,0.7182309,2.861944,-4.567598,0.9421583,2.302701,-4.781877,-0.08900876,2.278127,-4.732449,0.3965021,2.00605,-5.101055,0.6129424,1.947626,-5.157156,0.8792827,2.381684,-4.820607,-0.2098997,2.392344,-4.815221,-0.3801947,2.431732,-4.81012,-0.5462001,2.463593,-4.809713,-0.7199094,2.515113,-4.781266,-0.7685673,2.515149,-4.770166,-0.9997213,2.515979,-4.988809,-0.6426148,2.57633,-5.033536,-0.2889161,2.670371,-4.784307,-0.4108265,2.335441,-4.658091,-0.6801006,2.344495,-4.594774,-0.3242148,2.459663,-4.538003,-0.06090035
17,2.521377,-4.703903,-0.06818303,2.591105,-4.765729,-0.07551939,2.854104,-4.545218,0.2722933,2.867874,-4.498438,0.7766399,3.040363,-4.377799,0.9634277,2.451649,-4.642076,-0.06084632,2.430361,-4.586783,0.4241868,2.13602,-4.978374,0.5536593,2.055445,-5.067886,0.808575,2.530808,-4.679731,-0.1819586,2.539066,-4.676617,-0.3524443,2.576747,-4.673411,-0.5188938,2.60815,-4.67426,-0.6926847,2.659529,-4.646142,-0.7416829,2.656417,-4.63593,-0.9728569,2.660175,-4.853063,-0.6143482,2.697512,-4.94493,-0.2666245,2.819139,-4.688183,-0.3381017,2.473861,-4.527192,-0.6543854,2.433533,-4.48277,-0.2978102,2.474086,-4.421827,-0.01415162
18,2.657763,-4.575696,-0.04294729,2.727449,-4.637598,-0.05004618,2.936754,-4.451893,0.3505443,2.973133,-4.377355,0.8504084,3.168516,-4.238399,0.998073,2.588077,-4.513795,-0.03584804,2.577873,-4.441236,0.4472655,2.273503,-4.841556,0.5092773,2.184396,-4.940996,0.7593146,2.667518,-4.551632,-0.156716,2.673398,-4.549675,-0.3273163,2.707926,-4.548046,-0.494471,2.735162,-4.551047,-0.6689399,2.785284,-4.523443,-0.7195064,2.779938,-4.514765,-0.9507023,2.788866,-4.728959,-0.5896093,2.797093,-4.861555,-0.2533117,2.944407,-4.60873,-0.2674169,2.59668,-4.407782,-0.6304008,2.526716,-4.380679,-0.2766835,2.532324,-4.332273,0.01218741
19,2.763774,-4.476186,-0.02468659,2.832846,-4.538865,-0.03089952,3.027156,-4.367756,0.3835075,2.948342,-4.3782,0.8839303,3.166464,-4.242547,0.999943,2.694702,-4.413506,-0.01847355,2.738678,-4.266773,0.4455344,2.436556,-4.671085,0.4902214,2.361252,-4.738551,0.7550794,2.774152,-4.453418,-0.1386655,2.77773,-4.4509,-0.3093201,2.80755,-4.449545,-0.4773768,2.826405,-4.454927,-0.6528925,2.873727,-4.427568,-0.7062138,2.871121,-4.419483,-0.9374785,2.885303,-4.631165,-0.5734437,2.854324,-4.791149,-0.2506578,3.020261,-4.55347,-0.2082929,2.685165,-4.315263,-0.6110844,2.592285,-4.296834,-0.2621158,2.579111,-4.256608,0.0277622
20,2.849973,-4.392736,-0.01711038,2.91801,-4.456645,-0.02211655,3.101095,-4.309813,0.4064718,2.947499,-4.381414,0.8839912,3.165146,-4.245585,1.000463,2.781936,-4.328829,-0.01210397,2.907515,-4.089326,0.3948802,2.615263,-4.487207,0.5089993,2.57611,-4.488207,0.7893952,2.861439,-4.371559,-0.1312911,2.863192,-4.368428,-0.3019611,2.887752,-4.366754,-0.4708593,2.896873,-4.374907,-0.6470427,2.940228,-4.347119,-0.7034281,2.94121,-4.339704,-0.9347276,2.96594,-4.54738,-0.5676142,2.902794,-4.721587,-0.2571152,3.0724,-4.497892,-0.1733576,2.751888,-4.240495,-0.6010473,2.63181,-4.227038,-0.2602458,2.617587,-4.181611,0.02881313
21,2.934986,-4.304652,-0.02664834,3.001714,-4.370004,-0.03047708,3.146506,-4.260808,0.4232621,2.949581,-4.369259,0.8773572,3.167754,-4.242882,1.000597,2.868257,-4.239299,-0.02281924,3.055223,-3.949714,0.323522,2.798771,-4.307674,0.5742005,2.812687,-4.226406,0.8447248,2.948191,-4.28446,-0.1408179,2.949044,-4.281555,-0.3114962,2.968788,-4.279266,-0.481016,2.970376,-4.289761,-0.6573043,3.00957,-4.260598,-0.7159938,3.011936,-4.2534,-0.9472904,3.053484,-4.456037,-0.5784311,2.977809,-4.637834,-0.275168,3.141115,-4.417188,-0.1728563,2.819601,-4.163116,-0.6080189,2.667428,-4.161913,-0.2800133,2.679644,-4.094845,0.004896511
22,3.015293,-4.218826,-0.04310377,3.080705,-4.285543,-0.04601353,3.182415,-4.21613,0.426855,2.956392,-4.353019,0.8591961,3.168962,-4.241498,0.9992999,2.949882,-4.152108,-0.04019377,3.146986,-3.883505,0.3172555,2.979748,-4.150055,0.7144017,3.057703,-3.962477,0.9105837,3.03059,-4.198849,-0.1570472,3.031323,-4.196405,-0.3277311,3.047036,-4.193155,-0.4976551,3.043914,-4.204945,-0.6738412,3.07932,-4.173772,-0.73389,3.083513,-4.165345,-0.9651191,3.141838,-4.363524,-0.5965885,3.064018,-4.550645,-0.2971307,3.217278,-4.324717,-0.1908819,2.886654,-4.087426,-0.6222651,2.70258,-4.105961,-0.3115904,2.754167,-4.003199,-0.04214695
23,3.085354,-4.143721,-0.05617723,3.149606,-4.211581,-0.0583703,3.2277,-4.168804,0.4220872,2.972456,-4.333296,0.8277181,3.169298,-4.242603,0.9993716,3.021101,-4.07586,-0.05398368,3.216502,-3.818953,0.312875,3.162591,-3.944806,0.8007253,3.265613,-3.740032,0.9650605,3.102553,-4.123759,-0.1698496,3.103434,-4.122121,-0.3405404,3.115745,-4.118608,-0.5107387,3.109102,-4.132033,-0.6867099,3.141179,-4.099349,-0.7478167,3.147004,-4.090117,-0.9789797,3.219873,-4.28265,-0.6113852,3.145363,-4.47072,-0.3116795,3.289232,-4.234903,-0.2141452,2.946671,-4.022535,-0.6335433,2.741081,-4.0585,-0.3382725,2.825024,-3.919899,-0.09421521
24,3.14048,-4.08521,-0.06244539,3.203739,-4.154014,-0.06406542,3.300586,-4.108946,0.4127549,3.006206,-4.301998,0.7771925,3.175717,-4.243001,0.9913147,3.077221,-4.016406,-0.06082512,3.27169,-3.764393,0.3099021,3.279275,-3.809773,0.8145076,3.388187,-3.617069,0.988929,3.159242,-4.065291,-0.1758762,3.160383,-4.064366,-0.3465694,3.170014,-4.06076,-0.516938,3.160877,-4.075494,-0.6926923,3.190303,-4.041701,-0.7545257,3.197829,-4.031285,-0.9855891,3.281551,-4.219496,-0.6200765,3.213169,-4.405249,-0.3174801,3.349365,-4.157619,-0.2403396,2.994622,-3.972619,-0.6381525,2.780151,-4.01914,-0.3507798,2.896338,-3.851498,-0.1405006
25,3.185359,-4.037419,-0.06533133,3.247795,-4.106981,-0.066457,3.390598,-4.045676,0.3968103,3.065698,-4.262732,0.7194093,3.177949,-4.252455,0.9778543,3.122924,-3.967857,-0.06420519,3.308824,-3.736719,0.324104,3.347726,-3.744246,0.8292508,3.461838,-3.548779,0.9968339,3.205189,-4.017794,-0.1786307,3.206432,-4.01745,-0.3493243,3.214067,-4.013706,-0.5197909,3.203243,-4.029201,-0.6953838,3.230738,-3.994595,-0.7576547,3.239422,-3.983437,-0.9886427,3.331041,-4.168637,-0.6263809,3.273325,-4.348725,-0.3181893,3.403014,-4.090043,-0.2725285,3.034439,-3.931249,-0.6396454,2.818213,-3.983077,-0.3545041,2.962843,-3.794799,-0.1828813
26,3.228513,-3.991186,-0.06480528,3.290295,-4.061336,-0.06544839,3.485879,-3.98874,0.3764162,3.155908,-4.224696,0.6800402,3.193052,-4.243475,0.9604235,3.166731,-3.921037,-0.06416169,3.338976,-3.709925,0.3414619,3.374243,-3.721424,0.8468008,3.491849,-3.51665,0.9999918,3.248753,-3.97233,-0.1781624,3.249674,-3.972395,-0.3488584,3.256027,-3.9676,-0.5193511,3.244278,-3.982508,-0.6949353,3.270503,-3.946977,-0.7572328,3.279798,-3.935835,-0.9881979,3.377062,-4.119396,-0.630618,3.335983,-4.291762,-0.3154232,3.456918,-4.02503,-0.3083756,3.0738,-3.888306,-0.6378544,2.856845,-3.945513,-0.3542996,3.020752,-3.743519,-0.2195621
27,3.276054,-3.938899,-0.05775525,3.337353,-4.009473,-0.05786037,3.589673,-3.913069,0.3493366,3.249141,-4.163723,0.6285417,3.342201,-4.12219,0.893233,3.214755,-3.868325,-0.05764977,3.355372,-3.704048,0.3805371,3.366367,-3.743345,0.88559,3.490089,-3.518529,1.001017,3.295885,-3.921516,-0.171421,3.295793,-3.921786,-0.3421208,3.301098,-3.914714,-0.5125704,3.288663,-3.927492,-0.6882753,3.313985,-3.890728,-0.7502297,3.322629,-3.881382,-0.9812997,3.424929,-4.063438,-0.6296978,3.408362,-4.226059,-0.3071682,3.514719,-3.955589,-0.3439729,3.117149,-3.836453,-0.6292012,2.899025,-3.902704,-0.3485271,3.070633,-3.689933,-0.2431691
28,3.321868,-3.88817,-0.04729274,3.382908,-3.958967,-0.04691149,3.673442,-3.844809,0.3290214,3.370352,-4.083884,0.6572332,3.519612,-3.997013,0.8820046,3.260828,-3.817372,-0.04767352,3.396055,-3.654434,0.3927046,3.363368,-3.748327,0.889554,3.48683,-3.522598,1.003296,3.340816,-3.87246,-0.1613537,3.339448,-3.872838,-0.3320505,3.34387,-3.863094,-0.5023937,3.330822,-3.873096,-0.6782343,3.355617,-3.835142,-0.7396815,3.362445,-3.829957,-0.9709433,3.468885,-4.009498,-0.6253271,3.482607,-4.159151,-0.2964479,3.567578,-3.891104,-0.3786179,3.159015,-3.784098,-0.6169412,2.940861,-3.858577,-0.3383606,3.113166,-3.638012,-0.2518555
29,3.356137,-3.852675,-0.04272357,3.417203,-3.923448,-0.0421194,3.710314,-3.810532,0.3321848,3.459602,-4.023588,0.7175334,3.651252,-3.912743,0.8942801,3.29507,-3.781902,-0.04332739,3.423089,-3.62144,0.4001035,3.362095,-3.750515,0.8862751,3.484703,-3.526279,1.003739,3.374479,-3.837835,-0.1570008,3.372556,-3.837945,-0.3276942,3.376777,-3.825606,-0.4978744,3.363647,-3.832731,-0.6738489,3.38852,-3.793885,-0.7347043,3.394776,-3.790482,-0.9660152,3.501353,-3.97092,-0.6246312,3.539526,-4.109478,-0.2928337,3.611265,-3.841443,-0.3868095,3.192153,-3.744309,-0.610863,2.974487,-3.821718,-0.3327003,3.145752,-3.598751,-0.2503911
30,3.378246,-3.833335,-0.04690961,3.439642,-3.903824,-0.04643096,3.689491,-3.827326,0.3664751,3.522426,-4.003006,0.8114126,3.746132,-3.876066,0.9292757,3.31685,-3.762847,-0.04738755,3.43344,-3.609564,0.4016987,3.36562,-3.74653,0.8847968,3.489112,-3.521555,0.999868,3.396698,-3.818049,-0.1611104,3.39549,-3.816898,-0.3318068,3.400246,-3.802165,-0.5017825,3.387591,-3.806531,-0.6778818,3.413121,-3.767166,-0.7381292,3.42131,-3.760847,-0.9693184,3.522953,-3.947613,-0.6298302,3.575141,-4.08076,-0.2977254,3.649116,-3.806075,-0.3677032,3.216884,-3.717347,-0.6138359,2.999227,-3.791537,-0.3347906,3.170037,-3.572427,-0.2418614
31,3.395221,-3.820649,-0.05477147,3.457156,-3.890666,-0.05467357,3.660439,-3.85052,0.3878556,3.613237,-3.967961,0.8784912,3.848006,-3.838359,0.9675152,3.333285,-3.750633,-0.05486888,3.43532,-3.608231,0.4012873,3.369452,-3.74151,0.8856852,3.493964,-3.515763,0.9981357,3.414369,-3.803879,-0.1686489,3.414826,-3.800992,-0.3393279,3.420662,-3.784372,-0.5090958,3.408835,-3.786518,-0.6852936,3.435412,-3.747077,-0.7450364,3.446857,-3.735986,-0.9759075,3.540434,-3.931083,-0.6363772,3.60058,-4.060717,-0.3042283,3.685163,-3.781491,-0.3306873,3.23928,-3.695468,-0.6208071,3.021435,-3.76186,-0.3399493,3.190934,-3.550995,-0.2275779
32,3.408385,-3.813034,-0.06420617,3.470917,-3.882517,-0.06456926,3.649987,-3.859293,0.3894821,3.621011,-3.969476,0.8832064,3.842891,-3.840081,1.000537,3.345853,-3.743551,-0.0638426,3.433115,-3.612588,0.3987606,3.370382,-3.739825,0.8851952,3.495388,-3.51442,0.9978421,3.42827,-3.794551,-0.1776913,3.430624,-3.790017,-0.3483179,3.437915,-3.771799,-0.5178654,3.427099,-3.772165,-0.6941407,3.454882,-3.73293,-0.7534695,3.469885,-3.716472,-0.983816,3.554291,-3.920182,-0.6431824,3.618586,-4.046721,-0.3106178,3.715046,-3.771318,-0.2847327,3.258805,-3.678826,-0.6296238,3.042584,-3.734416,-0.3451882,3.20838,-3.534819,-0.209199
33,3.419634,-3.808225,-0.07219677,3.482749,-3.877174,-0.07305958,3.647053,-3.861648,0.3868658,3.629833,-3.965436,0.8825216,3.852729,-3.835289,0.9970601,3.356518,-3.739276,-0.07133359,3.430088,-3.618786,0.3964669,3.370298,-3.738592,0.8851539,3.49543,-3.513518,0.9984003,3.440103,-3.788075,-0.1852938,3.444437,-3.781719,-0.3558231,3.453522,-3.761802,-0.5250923,3.443998,-3.760342,-0.7014366,3.47309,-3.721361,-0.7603032,3.491225,-3.699717,-0.9899946,3.566621,-3.911565,-0.6481937,3.632644,-4.034622,-0.3146621,3.738159,-3.773915,-0.2326875,3.276867,-3.664761,-0.6371785,3.065362,-3.70841,-0.3471681,3.224191,-3.52174,-0.1867052
34,3.43029,-3.80464,-0.07663958,3.493907,-3.873118,-0.07800557,3.644548,-3.864052,0.3867447,3.625806,-3.967936,0.8823254,3.848075,-3.838359,0.9987165,3.366672,-3.736162,-0.07527298,3.428874,-3.623476,0.3961082,3.368585,-3.739855,0.8855616,3.49316,-3.51496,0.9998579,3.451003,-3.783149,-0.1894449,3.457035,-3.775213,-0.3598562,3.468043,-3.753805,-0.5288289,3.460003,-3.750644,-0.7052246,3.490481,-3.712017,-0.7636215,3.510326,-3.687029,-0.9928311,3.578177,-3.904754,-0.6499375,3.644876,-4.022027,-0.3144622,3.75444,-3.786001,-0.1798942,3.294065,-3.652691,-0.6414523,3.092731,-3.682787,-0.3426135,3.237195,-3.511273,-0.1541083
35,3.441083,-3.801874,-0.07761662,3.505049,-3.870016,-0.07945921,3.647002,-3.863669,0.3880628,3.621593,-3.969596,0.8829138,3.843241,-3.840795,1.001334,3.377117,-3.733733,-0.07577354,3.431463,-3.624371,0.3973589,3.367419,-3.741328,0.8861971,3.491603,-3.51655,1.001223,3.461523,-3.779639,-0.1903283,3.468615,-3.770793,-0.3606551,3.481475,-3.748425,-0.5293723,3.474895,-3.744032,-0.7058018,3.506767,-3.705963,-0.7638202,3.52672,-3.680053,-0.9929183,3.588907,-3.900614,-0.6486572,3.65533,-4.008367,-0.3099498,3.762961,-3.808731,-0.1245251,3.310346,-3.643385,-0.6426305,3.128353,-3.656574,-0.3304613,3.245587,-3.506142,-0.1080942
36,3.451526,-3.80057,-0.07722966,3.51572,-3.868482,-0.07952788,3.653026,-3.861828,0.389376,3.61869,-3.970425,0.883108,3.839974,-3.842164,1.002789,3.387332,-3.732657,-0.07493109,3.436423,-3.622957,0.3986972,3.367281,-3.741577,0.8864394,3.491635,-3.517021,1.001772,3.471307,-3.778053,-0.1900044,3.478973,-3.768811,-0.3602863,3.493903,-3.745761,-0.5287406,3.489083,-3.740369,-0.7051993,3.522405,-3.702935,-0.7628139,3.542029,-3.677175,-0.991958,3.599199,-3.899037,-0.6462228,3.66313,-3.996264,-0.3038704,3.760644,-3.850554,-0.06917752,3.325878,-3.637008,-0.6429324,3.17294,-3.630903,-0.3153378,3.247391,-3.510136,-0.05903079
37,3.461487,-3.80046,-0.07577471,3.525871,-3.868175,-0.07852282,3.6609,-3.859671,0.3910115,3.617276,-3.971179,0.8833591,3.838417,-3.842902,1.003285,3.397102,-3.732744,-0.07302613,3.441782,-3.621325,0.4006378,3.366081,-3.743952,0.8864109,3.490242,-3.519723,1.002607,3.480504,-3.777794,-0.1886524,3.488651,-3.768224,-0.3588954,3.505976,-3.744422,-0.5270154,3.503347,-3.737941,-0.7034836,3.538165,-3.701062,-0.7605694,3.557256,-3.675758,-0.9898089,3.609958,-3.898424,-0.6430769,3.669549,-3.988037,-0.2978761,3.751061,-3.901047,-0.03027618,3.341259,-3.632163,-0.6423671,3.218741,-3.610433,-0.302864,3.247815,-3.520821,-0.02547337
38,3.470787,-3.801191,-0.07364444,3.535325,-3.868742,-0.07682338,3.66985,-3.857322,0.3927939,3.617488,-3.971513,0.8836727,3.838722,-3.842755,1.00291,3.406249,-3.733641,-0.07046492,3.447286,-3.619486,0.4028771,3.364398,-3.747309,0.8861306,3.48813,-3.5234,1.003395,3.488979,-3.778487,-0.1866519,3.497526,-3.768657,-0.356862,3.517172,-3.744201,-0.5246329,3.516733,-3.736717,-0.7010804,3.552964,-3.700375,-0.7576285,3.571067,-3.675889,-0.987037,3.62033,-3.898844,-0.6399014,3.675301,-3.986899,-0.2935346,3.741951,-3.948883,-0.01080965,3.355698,-3.628718,-0.6410807,3.253273,-3.59996,-0.2954978,3.250706,-3.53268,-0.01038756
39,3.479251,-3.802412,-0.07123165,3.543911,-3.869826,-0.0748085,3.679101,-3.854919,0.3945203,3.618729,-3.971532,0.8839079,3.84017,-3.842105,1.002034,3.414592,-3.734998,-0.06765432,3.452682,-3.617462,0.4051059,3.362766,-3.75051,0.885685,3.485999,-3.526819,1.003885,3.496601,-3.779762,-0.1843836,3.505477,-3.769732,-0.3545669,3.527313,-3.74472,-0.5219848,3.529004,-3.736331,-0.6983837,3.566535,-3.700491,-0.7544017,3.58342,-3.677033,-0.9840103,3.630137,-3.900015,-0.6372559,3.681283,-3.995954,-0.2924004,3.739678,-3.984028,-0.00557492,3.368921,-3.626354,-0.639443,3.268078,-3.601975,-0.2930589,3.257208,-3.543309,-0.006246817
40,3.486702,-3.803769,-0.068929,3.551455,-3.871074,-0.07285633,3.687882,-3.852607,0.3959873,3.620408,-3.971345,0.883934,3.842055,-3.841342,1.001037,3.421949,-3.736465,-0.06500132,3.457721,-3.615283,0.4070192,3.361687,-3.752442,0.8852539,3.484525,-3.528769,1.003902,3.503236,-3.781243,-0.1822288,3.512382,-3.771072,-0.3523909,3.536217,-3.745593,-0.5194655,3.539915,-3.736408,-0.695794,3.578608,-3.701018,-0.7513047,3.594275,-3.678651,-0.9811085,3.639193,-3.901627,-0.6357147,3.687618,-4.014624,-0.2956675,3.742759,-4.016347,-0.007956713,3.38065,-3.62474,-0.6378289,3.269102,-3.612049,-0.2941121,3.263554,-3.55377,-0.007068881
41,3.492963,-3.80491,-0.06712918,3.557784,-3.872131,-0.07134523,3.69543,-3.850532,0.3970081,3.621932,-3.971063,0.8836434,3.843686,-3.840864,1.000323,3.428141,-3.737688,-0.06291277,3.462159,-3.612981,0.4083181,3.36164,-3.752007,0.8850897,3.484386,-3.528077,1.003347,3.508754,-3.782558,-0.1805705,3.518116,-3.772297,-0.3507165,3.543705,-3.746433,-0.5174723,3.549221,-3.736563,-0.6937166,3.588913,-3.701552,-0.74876,3.603598,-3.680195,-0.9787245,3.647098,-3.903127,-0.635006,3.693262,-4.034465,-0.3012926,3.747076,-4.043137,-0.01345607,3.390606,-3.623537,-0.6366166,3.264669,-3.623941,-0.2976694,3.266764,-3.563089,-0.01111484
42,3.497716,-3.80573,-0.06601171,3.562586,-3.872891,-0.07044067,3.700847,-3.849095,0.3976248,3.622566,-3.971048,0.8831587,3.844311,-3.840982,1.000003,3.432846,-3.738569,-0.06158227,3.465604,-3.610841,0.4089282,3.36231,-3.749694,0.8851568,3.485278,-3.525468,1.002619,3.512883,-3.783583,-0.1795791,3.522417,-3.773278,-0.3497136,3.549456,-3.747098,-0.5161913,3.556537,-3.736656,-0.6923464,3.59704,-3.701934,-0.7469814,3.611215,-3.681363,-0.9770495,3.653342,-3.904181,-0.6345756,3.698087,-4.048033,-0.3058661,3.75137,-4.059422,-0.01802536,3.398367,-3.622649,-0.6359748,3.262421,-3.631628,-0.3010366,3.270028,-3.568126,-0.01515091
43,3.500935,-3.806383,-0.0654314,3.565838,-3.873504,-0.06998291,3.704333,-3.848367,0.3979433,3.623566,-3.970809,0.8829465,3.845455,-3.840735,0.999509,3.436032,-3.739263,-0.06087954,3.467959,-3.609405,0.4091052,3.363116,-3.747442,0.8852324,3.486352,-3.523088,1.002169,3.515638,-3.784449,-0.1791014,3.525311,-3.774138,-0.3492281,3.55344,-3.747703,-0.5154849,3.561768,-3.736802,-0.6915575,3.602867,-3.702259,-0.7458603,3.617242,-3.682109,-0.9759534,3.657918,-3.904907,-0.6343718,3.702231,-4.055027,-0.3084184,3.755365,-4.068329,-0.02063246,3.403803,-3.622238,-0.6357491,3.263844,-3.63386,-0.3025496,3.271553,-3.570182,-0.01670564
44,3.502873,-3.806902,-0.06529336,3.567798,-3.874001,-0.06986286,3.706532,-3.847972,0.3979441,3.625269,-3.970073,0.8829507,3.847428,-3.839833,0.9988123,3.437948,-3.739805,-0.06072337,3.469406,-3.6091,0.4090579,3.364112,-3.746359,0.8853105,3.487531,-3.521939,1.001926,3.51732,-3.785169,-0.179035,3.527105,-3.774888,-0.3491574,3.555905,-3.748248,-0.5152667,3.565096,-3.737003,-0.6912747,3.60655,-3.702514,-0.7453406,3.621558,-3.682528,-0.9754077,3.661097,-3.905298,-0.6343971,3.705109,-4.05874,-0.3099529,3.758207,-4.072475,-0.02218039,3.407067,-3.622353,-0.6358359,3.265337,-3.633901,-0.3033837,3.270763,-3.570845,-0.0173496
45,3.503784,-3.807322,-0.06550281,3.568723,-3.874413,-0.06997158,3.707361,-3.847956,0.3978398,3.62586,-3.969751,0.8828831,3.848116,-3.839463,0.9985037,3.438844,-3.740231,-0.06103355,3.46985,-3.609713,0.4088296,3.364674,-3.746205,0.8853282,3.488164,-3.52178,1.00186,3.518225,-3.785756,-0.1792771,3.528106,-3.775534,-0.3493975,3.557101,-3.748741,-0.5154482,3.566708,-3.737274,-0.6914199,3.608248,-3.702696,-0.7453627,3.623767,-3.682856,-0.9754081,3.663149,-3.905354,-0.6346515,3.707325,-4.059698,-0.3106578,3.76073,-4.0724,-0.02289481,3.408319,-3.623054,-0.6361266,3.266494,-3.632732,-0.303655,3.270196,-3.569565,-0.01761771
46,3.503922,-3.807675,-0.06596498,3.568869,-3.874771,-0.07024505,3.707214,-3.848209,0.3976469,3.625732,-3.969688,0.882773,3.847972,-3.839437,0.9984659,3.438975,-3.740578,-0.06168455,3.469468,-3.610621,0.4083676,3.364684,-3.745896,0.8853,3.488199,-3.521447,1.001757,3.518538,-3.786261,-0.1797455,3.528493,-3.776126,-0.3498668,3.557329,-3.749224,-0.5159274,3.567012,-3.737639,-0.6918872,3.608427,-3.702853,-0.7457926,3.624391,-3.683158,-0.9758201,3.664333,-3.905192,-0.6350646,3.708999,-4.05864,-0.3107123,3.762985,-4.068981,-0.02296324,3.408022,-3.624256,-0.6365994,3.2669,-3.63109,-0.3037581,3.269968,-3.566818,-0.01795984
47,3.503541,-3.807995,-0.06658499,3.568486,-3.875107,-0.07063904,3.706671,-3.848577,0.3973021,3.625669,-3.969637,0.8826128,3.847881,-3.839457,0.9984398,3.438594,-3.740885,-0.06253035,3.468797,-3.611662,0.4077429,3.364868,-3.745325,0.885316,3.488444,-3.520813,1.00159,3.518392,-3.786742,-0.1803652,3.528396,-3.776723,-0.3504903,3.556923,-3.749741,-0.5165914,3.566527,-3.738105,-0.6925519,3.607699,-3.703026,-0.7464545,3.624199,-3.68347,-0.9764565,3.664911,-3.904969,-0.6355335,3.710046,-4.056395,-0.310297,3.764683,-4.06325,-0.02256639,3.406788,-3.625783,-0.637259,3.266137,-3.629595,-0.30417,3.267825,-3.564245,-0.01860512
48,3.502894,-3.808317,-0.06726794,3.567834,-3.875448,-0.07107498,3.705936,-3.849026,0.3968967,3.62568,-3.969606,0.8824506,3.847858,-3.839515,0.9984407,3.437954,-3.741186,-0.0634603,3.467995,-3.6128,0.4070525,3.36518,-3.744642,0.8853726,3.488832,-3.520047,1.001403,3.518014,-3.787231,-0.1810437,3.528055,-3.777342,-0.3511739,3.556186,-3.750303,-0.5173333,3.565611,-3.738663,-0.6933035,3.606466,-3.70325,-0.7472289,3.623536,-3.683837,-0.977201,3.66516,-3.90474,-0.6360077,3.710757,-4.053596,-0.3096517,3.766128,-4.055953,-0.02198978,3.405048,-3.627531,-0.6379929,3.264568,-3.628467,-0.3048116,3.264261,-3.56218,-0.0194577
49,3.502236,-3.808674,-0.06791918,3.567169,-3.875827,-0.07147422,3.705211,-3.849527,0.396522,3.625774,-3.969611,0.8823339,3.847919,-3.839604,0.9984821,3.437304,-3.741522,-0.06436367,3.467214,-3.614002,0.4063934,3.365566,-3.744003,0.8854665,3.489298,-3.519318,1.00124,3.517633,-3.787757,-0.1816887,3.527707,-3.778001,-0.3518243,3.555419,-3.750916,-0.5180462,3.564619,-3.739307,-0.6940306,3.605134,-3.703566,-0.7479959,3.622744,-3.684315,-0.977941,3.66536,-3.904559,-0.6364365,3.71143,-4.050886,-0.309005,3.767571,-4.048407,-0.02149316,3.403237,-3.629385,-0.6386803,3.263017,-3.627428,-0.3053938,3.260706,-3.560196,-0.02027
50,3.501821,-3.809101,-0.0684437,3.566747,-3.876271,-0.07175782,3.7047,-3.850049,0.3962694,3.625961,-3.969658,0.8823118,3.848081,-3.839716,0.9985796,3.436894,-3.74193,-0.06512899,3.466606,-3.615235,0.4058628,3.365975,-3.743561,0.8856014,3.489774,-3.518799,1.001151,3.517476,-3.788349,-0.1822081,3.52759,-3.778721,-0.3523486,3.554928,-3.751584,-0.5186238,3.563908,-3.740019,-0.6946221,3.6041,-3.703979,-0.7486302,3.622182,-3.684928,-0.9785553,3.665798,-3.904474,-0.6367688,3.712385,-4.048904,-0.3085696,3.769255,-4.042209,-0.02126845,3.401759,-3.631251,-0.6392359,3.261781,-3.626525,-0.3058755,3.257571,-3.558338,-0.02100039
51,3.501892,-3.809559,-0.0688173,3.566819,-3.87674,-0.07191756,3.704597,-3.850492,0.3961593,3.626239,-3.969691,0.882364,3.848349,-3.839775,0.9986792,3.436965,-3.742379,-0.06571645,3.466319,-3.616392,0.4054879,3.366342,-3.743399,0.8857139,3.490181,-3.518586,1.00112,3.517763,-3.788966,-0.1825806,3.527933,-3.779448,-0.3527241,3.555003,-3.75224,-0.5190318,3.563824,-3.740715,-0.6950405,3.603744,-3.704422,-0.7490807,3.622201,-3.68563,-0.9789973,3.666743,-3.90447,-0.6370258,3.714011,-4.047886,-0.3084795,3.771637,-4.037815,-0.02142747,3.400998,-3.632966,-0.6396478,3.261136,-3.625735,-0.3062836,3.255259,-3.556587,-0.02166987
